recipe_id,name
2886,best banana bread
27208,to die for crock pot roast
89204,crock pot chicken with black beans   cream cheese
39087,creamy cajun chicken pasta
67256,best ever banana cake with cream cheese frosting
54257,yes  virginia there is a great meatloaf
22782,jo mama s world famous spaghetti
32204,whatever floats your boat  brownies
69173,kittencal s italian melt in your mouth meatballs
68955,japanese mum s chicken
33919,creamy burrito casserole
82102,kittencal s moist cheddar garlic oven fried chicken breast
25885,banana banana bread
28148,oven fried chicken chimichangas
135350,fannie farmer s classic baked macaroni   cheese
26110,southern buttermilk biscuits
99476,the best easy beef and broccoli stir fry
10744,delicious chicken pot pie
129926,simply sour cream chicken enchiladas
33671,crock pot whole chicken
63689,my family s favorite sloppy joes  pizza joes
150863,panera s cream cheese potato soup
97496,soft snickerdoodle cookies
107786,beth s melt in your mouth barbecue ribs  oven
5170,pete s scratch pancakes
32614,fudge crinkles  a great 4 ingredient cake mix cookie
95222,pork chops yum yum
38298,olive garden copycat zuppa toscana
77397,kittencal s 5 minute cinnamon flop brunch cake
131018,pulled pork  crock pot
29679,reeses squares   5 ingredients   no bake  reese s
87782,greek potatoes  oven roasted and delicious
4627,chicken tortilla soup ii
73166,the best chili you will ever taste
50719,the sweetest blueberry muffins
66121,p  f  chang s mongolian beef by todd wilbur
141983,better than olive garden alfredo sauce
37336,melt in your mouth chicken breasts
28768,absolute best ever lasagna
43509,crumb topped banana muffins
60350,easy stove top macaroni   cheese
76864,tsr 1993 version of cinnabon cinnamon rolls by todd wilbur
150384,panera broccoli cheese soup
27520,poverty meal
2496,dark chocolate cake
89207,kittencal s chocolate frosting icing
9272,wonderful salsa
31750,the best ever waffles
92095,authentic italian meatballs
78814,kittencal s chicken crescent roll casserole
