recipe_id,title,image
2886,Banana Bread,banana_bread.jpeg
27208,Crock Pot Roast,crock_pot_roast.jpg
89204,Pot chicken with Black Beans,crock_pot_chicken_black_beans_cream_cheese.jpg
39087,Cajun Chicken Pasta,creamy_cajun_chicken_pasta.jpg
67256,Cake With Cheese Frosting,banana_cake_cream_cheese_frosting.jpg
54257,Great Meatloaf,virginia_great_meatloaf.jpg
22782,Spaghetti,jo_mama_spaghetti.jpg
32204,Boat  Brownies,boat_brownies.jpg
69173,Italian Melt Meatballs,italian_melt_meatballs.jpg
68955,Japanese Chicken,japanese_mum_chicken.jpg
33919,Creamy Burrito Casserole,creamy_burrito_casserole.jpg
82102,Garlic Fried Chicken,moist_cheddar_fried_chicken_breast.jpg
28148,Chicken Chimichangas,chicken_chimichangas.jpeg
135350,Baked Cheese Macaroni,classic_baked_macaroni.jpg
26110,Buttermilk Biscuits,southern_buttermilk_biscuits.jpg
99476,Beef And Broccoli Stirfry,beef_broccoli_stirfry.jpg
10744,Chicken Pot Pie,delicious_chicken_pot_pie.jpg
129926,Chicken Enchiladas,cream_chicken_enchiladas.jpg
63689,Sloppy Joes Burger,sloppy_joes.jpg
150863,Cheese Potato Soup,cheese_potato_soup.jpg
97496,Snickerdoodle Cookies,soft_snickerdoodle_cookies.jpg
5170,Scratch Pancakes,pete_scratch_pancakes.jpg
32614,Fudge Cake Cookie,fudge_crinkles_cake_cookie.jpg
95222,Pork Chops,pork_chops.jpg
38298,Zuppa Toscana,zuppa_toscana.jpeg
77397,Cinnamon Flop Cake,cinnamon_flop_brunch_cake.jpg
87782,Roasted Greek Potatoes,roasted_delicious.jpg
4627,Chicken Tortilla Soup,chicken_tortilla_soup.webp
73166,Best Chili,best_chili_taste.jpg
50719,Blueberry Muffins,blueberry_muffins.jpeg